{"cameraMode":{"drawMode":0,"name":"Shaded","section":"Shading Mode"},"sceneLighting":true,"audioPlay":false,"sceneViewState":{"m_AlwaysRefresh":false,"showFog":true,"showSkybox":true,"showFlares":true,"showImageEffects":true,"showParticleSystems":true,"showVisualEffectGraphs":true,"m_FxEnabled":true},"in2DMode":false,"pivot":{"x":0.06472553312778473,"y":-0.8935503959655762,"z":-3.2141942977905275},"rotation":{"x":0.00045483335270546377,"y":0.9675846695899963,"z":-0.2525447607040405,"w":0.00174266891553998},"size":7.2446160316467289,"orthographic":false}